<?xml version="1.0" encoding="UTF-8"?>
<dspl 
	xmlns:xsi="http://www.w3.org/2001/XMLSchema-instance"
	xmlns="http://schemas.google.com/dspl/2010"
	xmlns:time="http://www.google.com/publicdata/dataset/google/time"
	xmlns:geo="http://www.google.com/publicdata/dataset/google/geo"
	xmlns:entity="http://www.google.com/publicdata/dataset/google/entity"
	xmlns:quantity="http://www.google.com/publicdata/dataset/google/quantity">

	<import namespace="http://www.google.com/publicdata/dataset/google/time"/>
	<import namespace="http://www.google.com/publicdata/dataset/google/entity"/>
	<import namespace="http://www.google.com/publicdata/dataset/google/geo"/>
	<import namespace="http://www.google.com/publicdata/dataset/google/quantity"/>

	<info>
		<name>
			<value>GitHub statistics</value>
		</name>
		<description>
			<value>Some very interesting statistics about GitHub</value>
		</description>
		<url>
			<value>https://github.com/elihu/githubAbreforjas.git/</value>
		</url>
	</info>

	<provider>
		<name>
			<value>Module GitHub for AbreForjas</value>
		</name>
		<url>
			<value>https://github.com/elihu/githubAbreforjas.git</value>
		</url>
	</provider>
	
	<concepts>
		<!--
		 ### Definimos el concepto ticket como enumeracion de datos 
		-->
		<concept id="ticket_id">
			<info>
				<name><value>Ticket</value></name>
				<description>
					<value>My list of tickets.</value>
				</description>
			</info>
			<type ref="string"/>
			<property id = "title">
				<info>
				<name><value>Name</value></name>
				<description>
					<value>Name of tickets.</value>
				</description>
				</info>
				<type ref="string"/>
			</property>
			<table ref="tickets_table" />
		</concept>
		
		<!--
		 ### Definimos las metricas de ticket
		-->
		<concept id="created">
			<info>
				<name>
					<value>Fechas de creacion</value>
				</name>
				<description>
					<value>Fecha de creacion de cada ticket</value>
				</description>
			</info>
			<type ref="date"/>
		</concept>
		
		<!--<concept id="updated">
			<info>
				<name>
					<value>Fecha de actualizacion</value>
				</name>
			</info>
			<type ref="date"/>
		</concept>
		-->
		<concept id="totalcomments">
			<info>
				<name>
					<value>Comentarios del ticket</value>
				</name>
				<description>
					<value>Numero de comentarios en cada ticket</value>
				</description>
			</info>
			
			<type ref="integer"/>
		</concept>
		
		
	
	</concepts>
	<!--
		 ### Definimos los slices
		-->
	<slices>
		<slice id="tickets_slice">
			<dimension concept="ticket_id"/>
			<metric concept="created"/>
			<!--<metric concept="updated"/>-->
			<metric concept="totalcomments"/>
			<table ref="tickets_slice_table"/>
		</slice>
	</slices>
	<!--
		 ### Definimos las tablas
		-->
	<tables>
		<table id="tickets_table">
			<column id="ticket_id" type="string"/>
			<column id="title" type="string"/>
			<data>
				<file format="csv" encoding="utf-8">tickets_table.csv</file>
			</data>
		</table>
		
		<table id="tickets_slice_table">
			<column id="ticket_id" type="string"/>
			<column id="title" type="string"/>
			<column id="created" type="date" format="yyyy-MM-dd HH:mm:ss"/>
			<!--<column id="updated" type="date" format="yyyy-mm-dd hh:mm:ss"/>-->
			<column id="totalcomments" type="integer"/>
			<data>
				<file format="csv" encoding="utf-8">tickets_slice.csv</file>
			</data>
		</table>
  
	</tables>

</dspl>
