" ticket_id"," title"," totalcomments"," created"
"1-177","Improve gitmodules file parsing",0,"2013-10-15 05:54:52"
"1-176","2.0 Support?",0,"2013-09-17 16:36:08"
"1-175","replace rake/rdoctask with rdoc/task",1,"2013-08-26 12:02:07"
"1-174","License missing from gemspec",0,"2013-08-13 14:34:40"
"1-173","No method error in loop.rb",1,"2013-08-08 04:01:21"
"1-172","Load repo upwards in specified path",0,"2013-07-11 15:11:18"
"1-171","Grit clone using ssh agent",0,"2013-07-03 23:02:55"
"1-169","Fix two bugs",0,"2013-06-27 07:25:37"
"1-168","Pass options to Grit::Repo#remote_fetch",0,"2013-06-13 05:06:28"
"1-166","Exception raised when checking out a specific commit",1,"2013-04-18 02:01:50"
"1-165","Fix Tempfile args in Ruby 1.9 to use binary enc",0,"2013-04-13 21:13:42"
"1-164","Implemented #163: grep search feature",3,"2013-04-08 01:51:38"
"1-162","Use --work-tree in 'native' git method",1,"2013-04-02 11:59:05"
"1-161","Modified to use UTF-8 encoding. (Works with Ruby 2.0)",2,"2013-03-19 17:43:49"
"1-160","Make tests pass in Ruby 2.0.",1,"2013-03-14 23:56:20"
"1-159","Fix deprecation error and warning in test suite",0,"2013-03-14 20:51:15"
"1-158","Index - remove empty directories",1,"2013-02-23 19:45:29"
"1-156","Issue 117: Fixed wrong magic comparition.",0,"2013-02-13 06:59:44"
"1-155","Ruby 2.0 compatibility fix",1,"2013-02-12 12:13:59"
"1-153","commit_index and commits_since don't seem te work well together. Intermitting problem ",0,"2013-01-18 21:47:56"
"1-152","Support Ruby >= 2.0 not only 1.9",1,"2013-01-16 03:40:51"
"1-150","If there is non-ascii chars in the filename, diff parse failed.",0,"2012-12-29 01:13:51"
"1-148","Grit doesn't correctly identify renames",0,"2012-11-07 21:35:37"
"1-147","Fix git executable search on windows (improved).",1,"2012-10-23 10:45:21"
"1-146","Minor change, added method to Status class",0,"2012-10-17 10:59:23"
"1-145","Make refs support submodules",4,"2012-10-07 22:29:41"
"1-144","use git-mktag for Grit::Tag.create_tag_object",1,"2012-10-03 19:40:04"
"1-142","Differentiate between Modified files and Unstaged changes",1,"2012-09-17 01:04:27"
"1-141","NoMethodError when dealing with a GPG signed commit",0,"2012-09-07 06:42:16"
"1-139","Grit crashes when dealing with files that have accented characters in them",1,"2012-09-02 05:43:16"
"1-138","Commit timestamps retain timezone info in Ruby 1.9.",2,"2012-08-23 11:51:11"
"1-137","exclude git directories from git_binary function",0,"2012-08-20 14:11:05"
"1-136","Incorrect array access fix",0,"2012-08-16 01:35:33"
"1-135","change to the correct way of init a bare repo",0,"2012-08-07 06:13:51"
"1-134","Handle encoding header of Git commits when possible.",3,"2012-08-02 13:55:22"
"1-133","Grit::Repo#commits_since incorrectly lists all commits",1,"2012-07-16 20:36:24"
"1-132","Files are deleted after commit",1,"2012-07-10 09:45:37"
"1-131","Is it alive?",1,"2012-07-06 19:41:58"
"1-130","strip newlines from tree entry names",0,"2012-07-03 20:30:21"
"1-124","Parse log with options",0,"2012-06-29 19:10:28"
"1-122","Is there any plans to rewrite grit with rugged?",0,"2012-06-20 14:49:22"
"1-121","More efficient counting of tags/remotes/heads ",0,"2012-06-03 00:57:01"
"1-120","Feature/workdir",0,"2012-05-24 09:13:56"
"1-119","Feature/basename",0,"2012-05-24 09:10:58"
"1-118","Hooks",0,"2012-05-23 17:06:33"
"1-117","Grit::GitRuby::Internal::PackFormatError",7,"2012-05-21 06:17:40"
"1-116","Added UTF-8 to filenames",3,"2012-05-15 09:25:34"
"1-115","Travis",3,"2012-05-05 20:02:47"
"1-114","Repo.git.refs should support separate .git directories",1,"2012-05-05 19:32:44"
"1-113","Add Gemfile",0,"2012-05-05 19:06:14"
"1-112","Grit::Actor#== method for testing equality.",0,"2012-05-01 03:08:12"
"1-109","rev_list broken with utf-8 commit message (Encoding::CompatibilityError)",1,"2012-04-20 18:40:17"
"1-108","Make Grit::Status ignore submodule-contained files",0,"2012-03-27 08:30:03"
"1-107","Bump version and release on Rubygems?",2,"2012-03-14 02:00:42"
"1-104","Make grit compatible with git projects using the gitfile repository format",0,"2012-02-07 12:31:35"
"1-102","Add Grit::Repo::remote method",1,"2011-12-03 13:10:08"
"1-101","Whitespaces in filenames lead to truncated names in commit stats",0,"2011-11-22 16:25:32"
"1-100","Fixed Grit::Repo#diff to show diff for commits to unicode file names",0,"2011-11-13 05:43:06"
"1-99","added correct location detection for win32 git binary",0,"2011-10-20 12:40:57"
"1-98","StatusFile::ignored",0,"2011-10-15 06:51:57"
"1-96","Commit stats for Ruby libraries does not work (Rails app does)",0," 2013-10-15 05:54:52"
"1-95","Faster tree parsing",3,"2013-10-15 05:54:52"
"1-94","Ability to specify line range for git blame",1,"2013-09-17 16:36:08"
"1-93","Exception: undefined method `close' for nil:NilClass",0,"2013-08-26 12:02:07"
"1-91","remote_list doesn't show newly created remotes",1,"2013-08-13 14:34:40"
"1-90","Allow numeric option arguments",2,"2013-08-08 04:01:21"
"1-88","test failures",0,"2013-07-11 15:11:18"
"1-87","tags method does not return but burns CPU",6,"2013-07-03 23:02:55"
"1-86","Fixing numstat parsing for cases where files have spaces in their filepath",1,"2013-06-27 07:25:37"
"1-85","Use native cat-file instead of Grit::GitRuby#cat_file to get blob size",1,"2013-06-13 05:06:28"
"1-84","Fix two ifs",2,"2013-04-18 02:01:50"
"1-83","Fixed Grit::Git#options_to_argv generates invalid sequence of arguments.",0,"2013-04-13 21:13:42"
"1-82","Fixing a typo, :base should be :bare",0,"2013-04-08 01:51:38"
"1-81","Fix Repository#rev_list silently ignoring :since and :until when they're of a class other than Time",1,"2013-04-02 11:59:05"
"1-80","Fix Repository#rev_list when called with :until",1,"2013-03-19 17:43:49"
"1-79","Better count",1,"2013-03-14 23:56:20"
"1-76","Warning about ""spawn"" method redefinition",3,"2013-03-14 20:51:15"
"1-75","Fix git executable search on windows.",4,"2013-02-23 19:45:29"
"1-70","Fixed commits_since method",1,"2013-02-13 06:59:44"
"1-67","Stack Level Too Deep in unpack_compressed",11,"2013-02-12 12:13:59"
"1-66","git config --get-all not supported",0,"2013-01-18 21:47:56"
"1-63","unable to unpack files stored with pack.window 0",0,"2013-01-16 03:40:51"
"1-57","Error when trying to get commits in the empty repo",1,"2012-12-29 01:13:51"
"1-56","git.rev_list is incorrect for tags",2,"2012-11-07 21:35:37"
"1-55","Support git hooks",7,"2012-10-23 10:45:21"
"1-54","Index#write_tree won't remove directories",4,"2012-10-17 10:59:23"
"1-53","Avoid spurious changes in diff-* commands",0,"2012-10-07 22:29:41"
"1-52","Memoize index",3,"2012-10-03 19:40:04"
"1-47","NoSuchPathError when cloning remote repo via ssh. Cloning remote also seems a little difficult.",1,"2012-09-17 01:04:27"
"1-45","Make Repo#diff return valid blobs",2,"2012-09-07 06:42:16"
"1-43","Use appropriate working tree in git commands",3,"2012-09-02 05:43:16"
"1-41","grit.commits_since... SystemStackError: stack level too deep",9,"2012-08-23 11:51:11"
"1-39","Improved repository check in Repo#initialize",0,"2012-08-20 14:11:05"
"1-38","Grit::GitRuby::Repository.rev_list can produce results in the wrong order (parent before child)",6,"2012-08-16 01:35:33"
"1-34","test_tag.rb 's ordering of tags disagrees with git(1).",4,"2012-08-07 06:13:51"
"1-33","Include Rakefile and tests in gem",2,"2012-08-02 13:55:22"
"1-32","Hunks",6,"2012-07-16 20:36:24"
"1-31","Git pull and reset",5,"2012-07-10 09:45:37"
"1-30","Repo.commit deletes objects that don't exist on the FS",1,"2012-07-06 19:41:58"
"1-28","How can I get remote repository with grit?",2,"2012-07-03 20:30:21"
"1-27","Invalid tar file on windows",4,"2012-06-29 19:10:28"
"1-24","1.9 Encoding Issue",9,"2012-06-20 14:49:22"
"1-21","Make remote/HEAD resolve to a commit id",0,"2012-06-03 00:57:01"
"1-19","Tree#to_s to give sha1?",0,"2012-05-24 09:13:56"
"1-18","Difficult to get tree sha1 from repo/head",2,"2012-05-24 09:10:58"
"1-17","init_bare ignores errors from git-init",1,"2012-05-23 17:06:33"
"1-16","r.head.commit is 'HEAD' in empty repo",0,"2012-05-21 06:17:40"
"1-15","update_ref is not atomic",0,"2012-05-15 09:25:34"
"1-14",".git/description missing on server",1,"2012-05-05 20:02:47"
"1-12","I get nil for blob.name when fetched directly from the Repo",3,"2012-05-05 19:32:44"
"1-10","Grit::Git#sh has problem with stdout.read on Passenger",5,"2012-05-05 19:06:14"
"1-4","win32 popen3",1,"2012-05-01 03:08:12"
"1-3","Need to set --work-tree",8,"2012-04-20 18:40:17"
"1-2","Should throw errors",4,"2012-03-27 08:30:03"
"27-2780","Missing rubysl-tracer as default gem",1,"2012-03-14 02:00:42"
"27-2779","Make configure --llvm-path check llvm version",0,"2012-02-07 12:31:35"
"27-2778","Process.spawn with non-existing command should set $? accordingly.",0,"2011-12-03 13:10:08"
"27-2776","crash report - Thread deadlock in ::lock()!",8,"2011-11-22 16:25:32"
"27-2775","crash during execution",0,"2011-11-13 05:43:06"
"27-2772","IO#read without args on a socket should return ASCII-8BIT string",0,"2011-10-20 12:40:57"
"27-2771","rb_io_get_io missing from C-API",0,"2011-10-15 06:51:57"
"27-2765","Omniauth undefined method `encoding' on nil:NilClass.",19,"2011-10-08 08:18:59"
"27-2764","Unable to unpack bootstrap gems during configure",3,"2011-09-26 20:56:30"
"27-2758","getsockopt with symbol level,optname fails",0,"2011-09-15 17:08:30"
"27-2756","still missing some socket constants",0,"2011-09-14 16:03:30"
"27-2754","FD_CLOEXEC should be default for Ruby 2.0 compatibility",0,"2011-08-29 07:05:18"
"27-2746","BigDecimal is too slow (need benchmark)",2,"2011-08-24 16:39:10"
"27-2740"," Too many open files - creating pipe (Errno::EMFILE)",7,"2011-08-16 10:08:13"
"27-2737","Some failures when running the mspecs on OpenBSD",9,"2011-08-15 12:43:38"
"27-2734","Rubinius build options override those provided to gem installs",1,"2011-08-14 00:32:31"
"27-2732","Unable to rbx -S gem install bundler with rubinius 2.1.1 on OpenBSD",11,"2011-08-05 01:13:04"
"27-2730","RSpec / Rails: Slow startup/run times.",18,"2011-08-02 06:06:59"
"27-2711","Global variables with local scope",4,"2011-07-20 08:36:34"
"27-2710","JSON.dump performance issue",2,"2011-07-19 14:47:54"
"27-2708","crash report",2,"2011-07-13 02:04:33"
"27-2692","Abort on running a threaded task",2,"2011-07-12 08:39:33"
"27-2691","Installing rubinius 2.x.x fails",13,"2011-07-07 01:48:19"
"27-2685","IO#ensure_open_and_writable might not check writability correctly",1,"2011-06-21 07:40:20"
"27-2682","Rails server raises exception",3,"2011-06-16 03:56:13"
"27-2679","Crash when firing up Rails app",6,"2011-06-02 02:34:28"
"27-2678","Problem destructuring block arguments with unused (_) variables",0,"2011-05-26 17:06:30"
"27-2674","Crash when using Pry in highly concurrent environment",2,"2011-05-06 13:59:12"
"27-2673","Crash when very quickly creating 300+ threads",2,"2011-04-13 19:10:45"
"27-2669","keyword arguments",17,"2011-03-20 18:12:27"
"27-2666","Encoding related spec failures in Debian chroot",2,"2011-02-25 08:16:19"
"27-2662","mysql2 related crashes when running specs",7,"2011-02-10 02:10:48"
"27-2661","UDP sockets fail when sending multiple packets to non-listening port",1,"2011-02-01 11:50:57"
"27-2641","Intern array literals (%i[a b c]) are not implemented",3,"2011-01-27 20:54:07"
"27-2629","Add rb_class_real per #2358",6,"2011-01-26 18:40:02"
"27-2628","Possible Mutex bug",1,"2010-12-10 20:21:15"
"27-2627","no such file to load -- rubygems/path_support (LoadError)",5,"2010-11-28 20:18:54"
"27-2621","crash report",2,"2010-11-15 16:36:25"
"27-2604","LANG unset",8,"2010-11-04 06:38:41"
"27-2603","assignment-in-if statement inconsistency",6,"2010-10-30 10:28:36"
"27-2600","TopLevel and Object.const_set should automatically set Module#name of anonymous modules",6,"2010-10-19 02:52:02"
"27-2598","avdi/naught test suite failing from Module#const_set",2,"2010-10-12 03:58:43"
"27-2596","Proc#block inconsistency",6,"2010-10-12 02:59:32"
"27-2595","Lambda literal syntax with arguments and whitespace",3,"2010-10-11 04:28:16"
"27-2574","do-block argument parsing inconsistency",1,"2010-09-13 09:34:48"
"27-2522","String delete/tr slowish compared to MRI",2,"2010-09-04 23:13:22"
"27-2507","getaddrinfo causing crash under sidekiq",2,"2010-08-31 05:26:01"
"27-2504","Deployable engine version doesn't match local version, can't bundle",28,"2010-08-25 13:39:29"
"27-2478","Dir['**/**/**'] raises ""Coercion error: nil.to_str => String failed",0,"2010-08-14 07:59:00"
"27-2471","JIT problem",3,"2010-04-27 15:43:24"
"27-2462","Nokogiri test suite crashes",3,"2010-03-22 12:32:02"
"27-2442","Strange transient failures with Racc",2,"2010-03-22 12:30:53"
"27-2438","Faster Primality Testing and Factorization Methods for Ruby",6,"2010-03-22 12:22:48"
"27-2390","Make ObjectSpace.each_object(Class|Module) faster",0,"2010-03-22 12:18:42"
"27-2380","Strip omit-frame-pointer flag",4,"2010-03-22 12:14:07"
"27-2379","Running rake a second time the same failure should show up",5,"2010-02-14 17:59:54"
"27-2362","sendmesg (blocking) of class BasicSocket crashes the thread of the thread pool",1,"2010-02-10 15:53:46"
"27-2358","rb_class_real() missing from C API",4,"2010-01-05 18:35:07"
"27-2335","Strange typing behaviour using -n option",2,"2009-07-21 04:05:04"
"27-2331","Building Melbourne for Rubinius, fails on armv7l",11,"2009-06-14 14:10:16"
"27-2327","Bunny master tests fail on Rubinius",14,"2009-06-14 12:53:00"
"27-2303","Issue with failing DNS lookups",3,"2013-11-13 00:29:42"
"27-2290","Different behavior for UnboundMethod than in MRI 1.9",6,"2013-11-12 22:37:27"
"27-2243","[rails] (ArgumentError) ""comparison of #<Enumerable::SortedElement:0xcf8ec..failed (6)",2,"2013-11-11 16:36:10"
"27-2241","Date._parse has different arity than 1.9.3",2,"2013-11-10 12:23:01"
"27-2219","Benchmarking bm_loop_whileloop.rb failed on i386 with Error::EDOM",1,"2013-11-10 12:07:10"
"27-2200","Support accessing Fiber-locals and backtraces for a Fiber",12,"2013-11-09 19:57:15"
"27-2182","Hover state on long titles on blog looks busted",0,"2013-11-09 19:51:55"
"27-2166","IO performance",7,"2013-11-05 06:21:04"
"27-2155","FFI-Inline gem fails rspec",0,"2013-11-03 13:59:06"
"27-2123","Cannot attach LLVM via FFI",0,"2013-10-31 22:52:43"
"27-2121","Ensure the tests for these FFI projects pass on Rubinius",11,"2013-10-31 22:12:59"
"27-2102","Crash after Guard test run",13,"2013-10-31 22:03:45"
"27-2087","Possible Regexp issue with Oniguruma in 1.8 language mode",1,"2013-10-29 02:21:41"
"27-2081"," IO::InternalBuffer#fill_from crash when tab completing in ""xiki"" gem console",3,"2013-10-26 10:17:05"
"27-2078","Extend FFI::Platform::POSIX with faster native IO methods",0,"2013-10-24 21:39:36"
"27-2077","Cleanup Array and add Reflector",2,"2013-10-24 21:07:34"
"27-2044","eventmachine fork test failure with rubinius",1,"2013-10-24 17:49:11"
"27-2026","Scoping on $_ var is wrong",0,"2013-10-23 17:10:14"
"27-2006","Ensure the tests for these C-exts pass on Rubinius",54,"2013-10-16 02:33:40"
"27-1991","Rails usage of jit_stub primitives",1,"2013-10-15 21:51:49"
"27-1976","Group permissions",3,"2013-10-15 14:51:40"
"27-1941","next inside of an ensure block crashes compiler",3,"2013-10-13 00:22:37"
"27-1867","Missing concurrency primitives",8,"2013-10-11 16:12:53"
"27-1851","Pure Rubinius C++ API",6,"2013-10-09 13:49:15"
"27-1738","Trailing hash support in IO.popen",2,"2013-10-09 09:43:44"
"27-1644","Rubinius::EncodingClass::Encoding::CompatibilityError",15,"2013-10-08 19:27:52"
"27-1547","In irb, variable is not created if it's defined in code that never runs",8,"2013-10-08 18:33:37"
"27-1481","#readlines significantly slower than MRI",4,"2013-10-08 05:48:35"
"27-1099","Embed API",13,"2013-10-08 05:16:27"
"27-1043","Static and shared libraries for rubinius",18,"2013-10-07 12:39:33"
"27-985","CSV is much slower than MRI",19,"2013-10-07 07:35:38"
"27-965","much slower Nokogiri iteration",6,"2013-10-07 01:03:00"
"27-629","Debugger ""next"" doesn't catch exception rescue's sometimes",3,"2013-10-06 23:42:29"
"27-575","Be able to get/set the return value of a method at a ""safe"" location such as a RET instruction.",0,"2013-10-05 09:03:48"
"28-151","Lifecycle conditions are disabled on restart",1,"2013-10-02 21:02:22"
"28-150","Create Root_CA_Resistrant_License",0,"2013-10-01 18:15:42"
"28-149","unicorn_rails start command exited with non-zero code = 10",0,"2013-09-29 16:43:50"
"28-144","statsd_contact",3,"2013-09-28 04:37:57"
"28-142","[fix #129] Fix register/de-register bug when process is restarted out-of-band.",3,"2013-09-17 07:52:23"
"28-141","Explicitly exit from forked process to force file descriptors to be flushed",0,"2013-09-16 13:43:55"
"28-140","Specify syslog server for remote logging",2,"2013-09-13 23:20:57"
"28-135","Email notifications are missing information.",1,"2013-09-13 18:42:23"
"28-132","Prevent from starts two processes",5,"2013-09-12 14:09:36"
"28-130","Added support for IRC notifications",1,"2013-09-12 05:32:08"
"28-129","god doesn't seem to properly de-register process_exit monitoring",3,"2013-08-26 17:37:44"
"28-128","Duplicate processes starting",1,"2013-08-02 10:30:50"
"28-127","clean_pid_file behavior seems too naive",1,"2013-07-29 14:24:27"
"28-126","God and Ruby 2.0.0",3,"2013-07-26 23:47:30"
"28-124","WARN: technical_worker start command exited with non-zero code = 1",1,"2013-07-21 10:03:08"
"28-123","Support for additional groups and basic expectations in sockets",1,"2013-07-19 15:22:12"
"28-121","god thinks its really THE GOD and kills non-monitored process mongod at times",0,"2013-07-16 10:08:24"
"28-120","Small change to campfire contact to allow the use of a proxy to get to outside world",0,"2013-07-11 14:33:15"
"28-119","something is wrong on the website?",0,"2013-07-09 19:16:16"
"28-118","God::EventHandler.start will not called unless initial config file",0,"2013-06-19 13:52:58"
"28-117","Not stop and restart Unicorn",0,"2013-06-09 16:48:29"
"28-116","Enable multiple gods on one system, run by non-root users.",3,"2013-06-09 11:59:22"
"28-115","God gets stuck in ""start"" state and never restarts process",1,"2013-05-26 16:17:29"
"28-114","w.keepalive(:socket_responding => ""tcp:12345"") ignored?",0,"2013-05-24 21:38:04"
"28-113","Process Dependencies?",0,"2013-05-07 08:08:07"
"28-112","Adds an upstart init script",0,"2013-05-04 08:37:06"
"28-110","Watch#keepalive insists on using EventHandler when it is not operational",0,"2013-05-02 10:57:29"
"28-108","God reports incorrect up status when it fails to fork",1,"2013-04-21 15:58:10"
"28-107","Debugging custom conditions is incredibly hard",0,"2013-04-18 10:06:30"
"28-105","Would like to add a shell return conditional which would be nice",0,"2013-03-28 06:43:25"
"28-104","Manually changing working directory causes god to lose track of PID",0,"2013-03-27 00:07:59"
"28-103","When caught USR1,  reopen log file if defined.",0,"2013-03-20 23:13:52"
"28-102","Multiple groups support",0,"2013-03-13 00:42:05"
"28-99","Missing event system in Ubuntu linux?",6,"2013-03-01 19:04:46"
"28-96","Your core language patches break ActiveSupport",4,"2013-02-18 19:25:05"
"28-93","Suggestion: Rename `stop` command to `smite`",4,"2013-02-13 04:41:55"
"28-91","Can not stop after one ""stop start"" cycle ",5,"2013-01-11 01:28:47"
"28-90","Conditions for child processes",2,"2013-01-10 05:09:04"
"28-89","Missing proc_exit event",1,"2012-12-19 23:18:26"
"28-87","Corrected Typo in god.asciidoc L#587",0,"2012-12-07 22:47:12"
"28-85","Documentation wrong for email notifications per smtp",0,"2012-12-05 21:17:02"
"28-83","Duplicate PIDs in .god/pids",0,"2012-12-05 08:17:08"
"28-81","Segmentation fault with Ruby Enterprise Edition 2011.12",26,"2012-12-05 00:04:41"
"28-80","SSL support for SMTP notifications",1,"2012-11-20 23:26:20"
"28-77","Added Twilio Contact",13,"2012-11-18 03:32:08"
"28-69","segfault with Ruby 1.9.3-p0 and Ubuntu 10.04",2,"2012-11-12 18:32:22"
"28-66","Unhandled exception (StandardError): No buffer space available",7,"2012-11-06 14:43:43"
"28-61","sugar.rb causes 5.kilobytes and 5.bytes to return the same value",15,"2012-10-31 14:01:19"
"28-60","Stuck on init",5,"2012-10-04 11:09:51"
"28-51","God appears to be leaving old god processes around indefinitely",8,"2012-08-17 17:19:21"
"28-49","Beefed up Complex test method",2,"2012-08-08 13:59:50"
"28-33","documentation problem for server_auth email configuration option",2,"2012-05-20 15:14:37"
"28-30","Including child processes in CPU/memory usage",4,"2012-04-01 07:03:09"
"28-27","God occasionally does not realise that a process has died and reports 0kb memory usage in log",0,"2012-02-06 10:24:20"
"28-26","Setting working directory not working with Ruby 1.9.2 ?",4,"2012-01-03 05:25:17"
"28-21","Increment/decrement processes",2,"2011-08-05 22:53:02"
"28-14","disk_usage doesn't work (Ubuntu 10.4)",0,"2011-06-23 15:44:40"
"28-12","log feature undocumented",1,"2011-06-08 17:09:21"
"28-11","God notifications don't work properly using TLS and gmail hosted domains",0,"2011-06-06 13:43:35"
"28-9","Race condition makes ""god terminate"" intermittently fail",3,"2010-12-26 17:08:47"
"28-7","Multiple Processes/PIDs per Watch",5,"2010-11-20 23:28:44"
"28-6","Ruby 1.9.1 and god",19,"2013-11-01 15:04:38"
"28-5","""god check"" failure",5,"2013-10-30 05:44:46"
"28-4","God segfaults on new RE with thread patches",2,"2013-10-28 07:56:04"
"28-2","Twitter gem has changed",1,"2013-08-16 12:58:45"
"28-1","The server is not available (or you do not have permissions to access it)",8,"2013-08-06 20:59:52"
"42-32","Password validation on all attribute updates",0,"2013-08-01 00:05:58"
"42-31","consuming plugin's authentication data in other languages (java)",0,"2013-07-04 11:32:41"
"42-30","Cleaned up a bunch of markdown formatting in README",0,"2013-05-21 06:06:48"
"42-29","Rake deprecation warning for Rails 2.3.10",1,"2013-04-18 10:07:56"
"42-28","Make the README actually markdown",0,"2013-04-11 13:49:53"
"42-27","Not on rubygems.org",0,"2013-03-25 02:38:21"
"42-26","Removed duplicate recently_activated? action",0,"2013-03-22 23:21:33"
"42-24","Could not find generator authenticated",1,"2013-03-16 03:39:15"
"42-23","Date formatting problem",0,"2013-02-28 21:06:46"
"42-22","Support Rails' standard plugin installation mechanism.",0,"2013-02-01 17:25:44"
"42-21","logout does not invalidate sessions when using ActiveRecord::SessionStore",0,"2013-01-29 22:08:03"
"42-20","Support for .cat TLD domains",2,"2012-12-11 02:44:15"
"42-19","recently_activated missing question mark (?) in generator",0,"2012-12-05 19:46:07"
"42-17","NoMethodError when session kept in cookie is recovered",0,"2012-12-03 04:00:29"
"42-16","Validation with Authentication.email_regex fails on some RFC5322-valid addresses",1,"2012-11-09 12:24:11"
"42-15","Forceful Migrations",1,"2012-11-08 09:48:55"
"42-14","Default redirect for 'SessionsController#create' template is hard coded",0,"2012-10-21 21:11:51"
"42-13","password validation in model should override that set in plugin",1,"2012-10-17 18:14:30"
"42-11","Incompatible with Rails 3 bundler",1,"2012-10-17 17:30:17"
"42-10","display welcome message with username after login",1,"2012-10-17 13:15:55"
"42-9","SecurityError",2,"2012-10-03 09:15:30"
"42-8","removed installation instructions as submodule",0,"2012-09-12 14:34:44"
"42-7","Cucumber issues",4,"2012-09-07 17:12:39"
"42-6","Move to Gemcutter?",2,"2012-08-29 15:12:04"
"42-5","remember_me will never work?",1,"2012-08-07 08:22:27"
"42-4","Master branch broken create user method",0,"2012-08-01 02:32:13"
"42-3","missed issue in documentation",0,"2012-07-25 08:21:27"
"42-2","database session store",1,"2012-07-20 09:23:04"
"42-1","note_failed_signin unescaped string",4,"2012-05-30 04:49:53"
"43-48","Error when attempting to install attachment_fu using bundler",0,"2012-05-02 05:59:48"
"43-47","Depracation Fix",0,"2012-04-10 20:27:12"
"43-46","Please pull fix for rails 1.2.6",0,"2012-03-31 11:25:26"
"43-44","test do not run without being inside a rails project",0,"2012-03-15 22:58:02"
"43-42","keep aspect ratio on resize option",0,"2012-03-05 16:44:16"
"43-39","In my production machine thumbnils arte not getting created",0,"2012-02-07 15:55:11"
"43-38","Kernel#returning => Object#tap",0,"2012-01-27 14:50:02"
"43-34","TypeError (can't convert nil into Integer): ",1,"2012-01-19 20:07:33"
"43-32","Server Setting Missing In Config File",0,"2012-01-18 08:40:57"
"43-31","Solved Rails 3.0.3 temp_file size problem. Maybe this needs a more solid fix",1,"2012-01-16 14:56:58"
"43-30","Rails3 and attachment_fu",1,"2012-01-13 01:10:06"
"43-29","Word 2010 view",0,"2011-11-13 05:11:17"
"43-28","Validating image dimensions before save",0,"2011-09-20 18:19:21"
"43-27","Core Image Processor causes segmentation faults on OS X 10.6.x - 64bit.",0,"2011-08-08 06:18:45"
"43-26","remove ""returning"" to avoid rails 2.3.9 deprecation warnings",0,"2011-08-06 04:53:11"
"43-25","attachment_fu + ruby 1.9.1",9,"2011-06-22 18:00:28"
"43-23","S3/Cloud Creates wrong public path when using separate thumbnail class",1,"2011-06-19 19:41:55"
"43-22","Switching between different machines ",1,"2010-12-23 23:14:19"
"43-20","batch import does not create thumbnails and does not take into account MetaModel attachment options",0,"2010-11-11 00:00:36"
"43-18","displaying pdf attachment inline, in the view (problem with browsers on Windows) ",2,"2010-10-27 16:41:03"
"43-17","Rails 3",6,"2010-10-26 01:09:20"
"43-15","bug in ImageScience when it processes .gifs",1,"2010-09-30 19:27:35"
"43-14","in Windows, uploading to Amazon S3 and Rackspace Cloud Files fails",9,"2010-07-23 10:30:37"
"43-13","Uploaded files end up in wrong place",0,"2010-03-23 21:00:22"
"43-12","public_filename does not return relative path",1,"2010-02-23 19:24:49"
"43-11","Mongrel_rails prefix",0,"2010-01-06 03:41:24"
"43-10","attachement_fu and rails 3.0",4,"2009-12-19 17:32:25"
"43-9","No such file to load -- ftools",4,"2009-11-27 06:25:19"
"43-7","Datamapper support?",2,"2009-10-14 15:46:16"
"43-6","Size restrictions are not properly applied to separate thumbnail class.",0,"2009-10-01 07:30:39"
"43-5","GD2 problem",0,"2009-06-04 22:54:47"
"43-4","Tempfiles in tmp/attachment_fu are not proactively deleted",1,"2009-05-14 18:51:54"
"43-3","Files not properly required",0,"2011-11-09 22:04:11"
"43-1","validates_as_attachment does not allow for custom error messages",1,"2011-08-18 13:13:23"
"47-2","Fix for issue #1",0,"2011-08-18 02:39:57"
"47-1","log directory should be created if needed",0,"2011-04-19 17:47:33"
"68-204","how to resolve this error?",1,"2011-03-05 19:55:37"
"68-198","chroot support for thin",3,"2011-02-07 09:26:17"
"68-197","Add Upstart support to thin init script",0,"2010-12-24 15:14:09"
"68-195","Why after 'thin install' incorrect thin path?",0,"2010-12-06 08:42:13"
"68-192","Empty response by giving body in Array whose total length is as large as 2GB",3,"2010-12-04 10:31:13"
"68-184","thin install - systemD support",3,"2010-10-31 02:21:58"
"68-183","Thin does not correctly handle output to a pipe",0,"2010-10-11 18:05:43"
"68-180","Bundle Exec Thin Start Dies with Spaces in File Path on Windows",0,"2010-10-04 16:32:50"
"68-172","Thin not using group permisions correctly",0,"2010-09-08 16:07:00"
"68-171","Fix condition for String#encode!",3,"2010-08-03 10:49:46"
"68-170","Fixes problem with connections requests keep-alive and thin",3,"2010-07-22 21:28:45"
"68-169","Limit of only 6 concurrent connections open per client?",7,"2010-04-21 10:07:48"
"68-167","Thin 2",2,"2010-03-02 16:03:37"
"68-161","Too many open files when running with SSL enabled.",7,"2010-03-01 10:31:59"
"68-151","Non-standard Keep-alive behavior",0,"2010-02-21 20:04:43"
"68-142","Thin 1.5 can't run as another user/group",3,"2010-01-28 09:48:39"
"68-140","--all should ignore files not matching *.yml",0,"2010-01-16 08:56:58"
"68-138","Make log and pid files group writable",0,"2009-12-09 11:43:18"
"68-128","HUP does not function properly unless thin is running as a daemon",3,"2009-12-06 20:16:31"
"68-123","Non-Rack embeddable http-server connection",2,"2009-11-20 17:18:57"
"68-112","Failing test: it 'should force kill process in pid file'",2,"2009-11-05 16:53:08"
"68-101","Create a ""status"" command",1,"2009-08-18 05:07:52"
"68-93","Thin returns 0 even when not started all instances",1,"2009-07-30 02:33:39"
"68-87","Explicit or implicit support for `bundle exec`",2,"2009-05-13 14:38:13"
"68-85","License",2,"2009-05-07 14:45:13"
"68-78","about rack protocol version ",0,"2013-04-11 17:02:32"
"68-76","[patch] commint 55c024c2 breaks unittests",1,"2013-02-11 12:43:41"
"68-75","Starting w/ sudo on ports >1024 fails to bind w/ -u option.",1,"2012-11-25 09:55:39"
"68-61","Unable to schedule jobs reliably in rails initializer",1,"2012-09-24 19:32:39"
"68-40","Thin is not supporting pipelining?",10,"2012-03-21 01:36:34"
"68-34","Empty pid file wound't let thin run",0,"2011-08-31 07:34:54"
"68-33","Thin does not handle duplicate Header names.",6,"2011-07-29 16:47:08"
"68-21","Thin not returning an exit code of 1 when a rails app fails to start up as a daemon.",0,"2011-03-17 05:06:39"
"68-20","thin limits which response headers may be repeated",0,"2011-02-18 22:48:39"
"68-17","Change to rack from rails renders prefix useless",0,"2011-01-13 12:44:10"
"68-15","problem with send_data",2,"2010-12-06 07:42:54"
"68-11","/etc/init.d/thin stop always fails",5,"2010-12-02 15:10:55"
"68-8","When using request absolute URI Thin leaves PATH_INFO empty",6,"2010-10-27 08:03:33"
