<?xml version="1.0" encoding="UTF-8"?>
<dspl 
	xmlns:xsi="http://www.w3.org/2001/XMLSchema-instance"
	xmlns="http://schemas.google.com/dspl/2010"
	xmlns:time="http://www.google.com/publicdata/dataset/google/time"
	xmlns:geo="http://www.google.com/publicdata/dataset/google/geo"
	xmlns:entity="http://www.google.com/publicdata/dataset/google/entity"
	xmlns:quantity="http://www.google.com/publicdata/dataset/google/quantity">

	<import namespace="http://www.google.com/publicdata/dataset/google/time"/>
	<import namespace="http://www.google.com/publicdata/dataset/google/entity"/>
	<import namespace="http://www.google.com/publicdata/dataset/google/geo"/>
	<import namespace="http://www.google.com/publicdata/dataset/google/quantity"/>

	<info>
		<name>
			<value>GitHub statistics</value>
		</name>
		<description>
			<value>Some very interesting statistics about GitHub</value>
		</description>
		<url>
			<value>https://github.com/elihu/githubAbreforjas.git/README</value>
		</url>
	</info>

	<provider>
		<name>
			<value>Module GitHub for AbreForjas</value>
		</name>
		<url>
			<value>https://github.com/elihu/githubAbreforjas.git</value>
		</url>
	</provider>
	<concepts>
		<!--
		 ### Definimos el concepto ticket como enumeracion de datos 
		-->
		<concept id="title">
			<info>
				<name><value>Ticket</value></name>
				<description>
					<value>My list of tickets.</value>
				</description>
			</info>
			<type ref="string"/>
			<table ref="tickets_table" />
		</concept>
		<!--
		 ### Definimos las metricas de ticket
		-->
		<concept id="fecha_creacion">
			<info>
				<name>
					<value>Fecha de creacion</value>
				</name>
			</info>
			<type ref="date"/>
		</concept>
		
		<concept id="fecha_actualizacion">
			<info>
				<name>
					<value>Fecha de actualizacion</value>
				</name>
			</info>
			<type ref="date"/>
		</concept>
		
		<concept id="total_comments">
			<info>
				<name>
					<value>Comentarios del tickets</value>
				</name>
			</info>
			<type ref="integer"/>
		</concept>
	
	</concepts>
	<!--
		 ### Definimos los slices
		-->
	<slices>
		<slice id="tickets_slice">
			<dimension concept="title"/>
			<metric concept="fecha_creacion"/>
			<metric concept="fecha_actualizacion"/>
			<metric concept="total_comments"/>
			<table ref="tickets_slice_table"/>
		</slice>
	</slices>
	<!--
		 ### Definimos las tablas
		-->
	<tables>
		<table id="tickets_table">
			<column id="title" type="string"/>
			<data>
				<file format="csv" encoding="utf-8">tickets_table.csv</file>
			</data>
		</table>
		
		<table id="countries_slice_table">
			<column id="title" type="string"/>
			<column id="created" type="date" format="dd/mm/yyyy"/>
			<column id="updated" type="date" format="dd/mm/yyyy"/>
			<column id="totalcomments" type="string"/>
			<data>
				<file format="csv" encoding="utf-8">tickets_slice.csv</file>
			</data>
		</table>
  
	</tables>

</dspl>
