<?xml version="1.0" encoding="UTF-8"?>
<dspl xmlns="http://schemas.google.com/dspl/2010"
    xmlns:geo="http://www.google.com/publicdata/dataset/google/geo"
    xmlns:geo_usa="http://www.google.com/publicdata/dataset/google/geo/us"
    xmlns:time="http://www.google.com/publicdata/dataset/google/time"
    xmlns:quantity="http://www.google.com/publicdata/dataset/google/quantity"
    xmlns:entity="http://www.google.com/publicdata/dataset/google/entity">

  <import namespace="http://www.google.com/publicdata/dataset/google/time"/>
  <import namespace="http://www.google.com/publicdata/dataset/google/quantity"/>
  <import namespace="http://www.google.com/publicdata/dataset/google/entity"/>
  <import namespace="http://www.google.com/publicdata/dataset/google/geo"/>
  
  <info>
    <name>
      <value>My statistics Github</value>
    </name>
    <description>
      <value>Some very interesting statistics about users on github</value>
    </description>
    <url>
      <value>https://github.com/elihu/githubAbreforjas.git</value>
    </url>
  </info>

  <provider>
    <name>
      <value>Github</value>
    </name>
    <url>
      <value>https://github.com</value>
    </url>
  </provider>
  
  <topics>
    <topic id="repositorios">
      <info>
        <name><value>Repositorios</value></name>
      </info>
    </topic>
    <topic id="usuarios">
      <info>
        <name><value>Usuarios</value></name>
      </info>
    </topic>
  </topics>

  <concepts>
	  
	  <concept id="github">
      <info>
        <name>
          <value>Github</value>
        </name>
        <description>
          <value>Lista de usuarios</value>
        </description>
      </info>
      <type ref="string"/>
      <property id="nombre">
        <info>
          <name><value xml:lang="en">Datos</value></name>
          <description>
            <value xml:lang="en">Los datos de Github</value>
          </description>
        </info>
        <type ref="string"/>
      </property>
      <table ref="github_table"/>
    </concept>
    
    <concept id="numeroInscritos">
      <info>
        <name>
          <value>Numero de inscritos</value>
        </name>
        <description>
          <value>Numero de inscritos a una fecha</value>
        </description>
      </info>
      <topic ref="usuarios"/>
      <type ref="integer"/>
    </concept>
    
    <concept id="project" extends="entity:entity">
			<info>
				<name><value>Projects</value></name>
				<description>
					<value>My list of projects.</value>
				</description>
			</info>
			<type ref="string"/>
			<property id = "name">
				<info>
				<name><value>Name</value></name>
				<description>
					<value>Name of projects.</value>
				</description>
				</info>
				<type ref="string"/>
			</property>
			<property id = "description">
				<info>
				<name><value>Description </value></name>
				<description>
					<value>Description of projects.</value>
				</description>
				</info>
				<type ref="string"/>
			</property>
			<table ref="projects_table" />
		</concept>
		
		<!--
		 ### Definimos las metricas de proyecto
		-->
		<concept id="totaltickets">
			<info>
				<name>
					<value>total tickets</value>
				</name>
				<description>
					<value>Nº total de tickets del proyecto.</value>
				</description>
			</info>
			<topic ref="repositorios"/>
			<type ref="integer"/>
		</concept>
		
		<concept id="opentickets">
			<info>
				<name>
					<value>open tickets</value>
				</name>
				<description>
					<value>Nº total de tickets abiertos en el proyecto.</value>
				</description>
			</info>
			<topic ref="repositorios"/>
			<type ref="integer"/>
		</concept>
		
		<concept id="gcstars">
			<info>
				<name>
					<value>stars</value>
				</name>
				<description>
					<value>Nº de estrellas del proyecto.</value>
				</description>
			</info>
			<topic ref="repositorios"/>
			<type ref="integer"/>
		</concept>
		
		<concept id="totalrepowrites">
			<info>
				<name>
					<value>commits</value>
				</name>
				<description>
					<value>Nº de commits del proyecto.</value>
				</description>
			</info>
			<topic ref="repositorios"/>
			<type ref="integer"/>
		</concept>
		
		<concept id="watchers">
			<info>
				<name>
					<value>watchers</value>
				</name>
				<description>
					<value>Nº de usuarios que han "seguido" el proyecto.</value>
				</description>
			</info>
			<topic ref="repositorios"/>
			<type ref="integer"/>
		</concept>
		
		<concept id="collaborators">
			<info>
				<name>
					<value>collaborators</value>
				</name>
				<description>
					<value>Nº usuarios colaboradores del proyecto.</value>
				</description>
			</info>
			<topic ref="repositorios"/>
			<type ref="integer"/>
		</concept>
		
		<concept id="size">
			<info>
				<name>
					<value>size</value>
				</name>
				<description>
					<value>Tamaño del proyecto en KB.</value>
				</description>
			</info>
			<topic ref="repositorios"/>
			<type ref="integer"/>
		</concept>	

  </concepts>

  <slices>

  <slice id="github_slice">
    <dimension concept="github"/>
    <dimension concept="time:year"/>
    <metric concept="numeroInscritos"/>
    <table ref="github_slice_table"/>
  </slice>
  
  <slice id="projects_slice">
			<dimension concept="project"/>
			<dimension concept="time:year"/>
			<metric concept="totaltickets"/>
			<metric concept="opentickets"/>
			<metric concept="gcstars"/>
			<metric concept="totalrepowrites"/>
			<metric concept="watchers"/>
			<metric concept="collaborators"/>
			<metric concept="size"/>
			<table ref="projects_slice_table"/>
		</slice>

  </slices>

  <tables>
	  
	<table id="github_table">
      <column id="github" type="string"/>
      <column id="nombre" type="string"/>
      <data>
        <file format="csv" encoding="utf-8">github_table.csv</file>
      </data>
    </table>
    
    <table id="github_slice_table">
		<column id="github" type="string"/>
		<column id="year" type="date" format="yyyy"/>
		<column id="numeroInscritos" type="integer"/>
		<data>
			<file format="csv" encoding="utf-8">github_slice_table.csv</file>
		</data>
	</table>
	
	<table id="projects_table">
			<column id="project" type="string"/>
			<column id="name" type="string"/>
			<column id="description" type="string"/>
			<data>
				<file format="csv" encoding="utf-8">projects_table.csv</file>
			</data>
		</table>
		
		<table id="projects_slice_table">
			<column id="project" type="string"/>
			<column id="year" type="date" format="yyyy"/>
			<column id="totaltickets" type="integer"/>
			<column id="opentickets" type="integer"/>
			<column id="gcstars" type="integer"/>
			<column id="totalrepowrites" type="integer"/>
			<column id="watchers" type="integer"/>
			<column id="collaborators" type="integer"/>
			<column id="size" type="integer"/>
			 
			<data>
				<file format="csv" encoding="utf-8">projects_slice.csv</file>
			</data>
		</table>
    
  </tables>

</dspl>
